in:Run,in:WWR_N,in:WWR_W,in:WWR_S,in:WWR_E,in:Wall_U_Value,in:Chi_Value,in:Shading_N,in:Shading_W,in:Shading_S,in:Shading_E,in:Window_U_Value,in:SHGC,out:Illuminance %,out:EUI kWh/m2,N_illuminace,N_EUI,I_EUI,out:Value,img,threeD
82,30,40,60,30,0.141,0.1,10,10,10,10,0.48,0.7,39.908257,53.146604,0.100250627,0.0,1.0,0.550125314,Run82_Joyce Street.png,Run82.json
1,70,30,50,60,0.141,0.1,5,10,5,10,0.48,0.5,63.433814,58.515806,1.0,0.212777251,0.787222749,0.893611375,Run1_Joyce Street.png,Run1.json
167,70,70,70,70,0.141,0.48,10,10,10,5,0.48,0.5,61.664482,57.603591,0.932330811,0.176626888,0.823373112,0.877851962,Run167_Joyce Street.png,Run167.json
187,70,70,70,30,0.284,0.1,10,10,10,10,0.48,0.5,56.749672,56.814582,0.744360885,0.145359082,0.854640918,0.799500901,Run187_Joyce Street.png,Run187.json
182,50,70,30,30,0.141,0.1,10,10,5,5,0.48,0.5,46.72346,54.591852,0.360902251,0.057274041,0.942725959,0.651814105,Run182_Joyce Street.png,Run182.json
165,60,40,40,40,0.141,0.1,10,5,10,5,0.48,0.5,51.310616,55.773306,0.536340849,0.104094134,0.895905866,0.716123357,Run165_Joyce Street.png,Run165.json
131,60,70,70,30,0.189,0.1,10,5,10,5,0.48,0.5,54.980341,55.974148,0.676691734,0.112053344,0.887946656,0.782319195,Run131_Joyce Street.png,Run131.json
114,50,60,50,30,0.189,0.1,10,10,10,10,0.48,0.7,48.689384,54.806655,0.436090221,0.065786515,0.934213485,0.685151853,Run114_Joyce Street.png,Run114.json
